class,occurrences,candidate_group,page_only_candidate
.td-actiondock,1,actiondock,review
.td-actiondock-btn,3,actiondock-btn,review
.td-actiondock-btn--accent,1,actiondock-btn,review
.td-actiondock-btn--brand,1,actiondock-btn,review
.td-alert,4,alert,review
.td-alert--error,2,alert-,review
.td-alert--info,2,alert-,review
.td-alert--success,2,alert-,review
.td-alert--warning,1,alert-,review
.td-alert-close,2,alert-close,review
.td-alert-icon,5,alert-icon,review
.td-alt-stage--subtle,1,alt-stage,review
.td-article,5,article,review
.td-article--rich,1,article-,review
.td-article-arrow,2,article-arrow,review
.td-article-asset,14,article-asset,review
.td-article-asset-meta,1,article-asset,review
.td-article-assetrow,2,article-assetrow,review
.td-article-assets,1,article-assets,review
.td-article-author,1,article-author,review
.td-article-avatar,1,article-avatar,review
.td-article-badge,1,article-badge,review
.td-article-badge--feature,1,article-badge,review
.td-article-badges,1,article-badges,review
.td-article-body,1,article-body,review
.td-article-cat,1,article-cat,review
.td-article-date,1,article-date,review
.td-article-excerpt,1,article-excerpt,review
.td-article-foot,1,article-foot,review
.td-article-head,1,article-head,review
.td-article-head-icon,2,article-head,review
.td-article-meta,1,article-meta,review
.td-article-meta-sep,1,article-meta,review
.td-article-name,1,article-name,review
.td-article-payload,1,article-payload,review
.td-article-payload-label,1,article-payload,review
.td-article-read,2,article-read,review
.td-article-title,2,article-title,review
.td-article-titlelink,2,article-titlelink,review
.td-articles,2,articles,review
.td-aspect,1,aspect,review
.td-aspect-content,1,aspect-content,review
.td-aspect-sub,1,aspect-sub,review
.td-audio,1,audio,review
.td-audio-art,2,audio-art,review
.td-audio-bar,1,audio-bar,review
.td-audio-bar-fill,1,audio-bar,review
.td-audio-body,1,audio-body,review
.td-audio-time,1,audio-time,review
.td-audio-title,1,audio-title,review
.td-audioplayer,1,audioplayer,review
.td-audioplayer-body,1,audioplayer-body,review
.td-audioplayer-btn,5,audioplayer-btn,review
.td-avatar,3,avatar,review
.td-avatar--accent,1,avatar-,review
.td-avatar--brand,1,avatar-,review
.td-avatar--green,1,avatar-,review
.td-avatar--ink,1,avatar-,review
.td-avatar-group,4,avatar-group,review
.td-avatar-more,1,avatar-more,review
.td-avatar-status,5,avatar-status,review
.td-avatarstack,3,avatarstack,review
.td-avatarstack-item,7,avatarstack-item,review
.td-avatarstack-name,3,avatarstack-name,review
.td-badge,1,badge,review
.td-badge--accent,1,badge-,review
.td-badge--brand,1,badge-,review
.td-badge--green,1,badge-,review
.td-badge--ink,1,badge-,review
.td-barcode,1,barcode,review
.td-barcode-cursor,2,barcode-cursor,review
.td-barcode-hint,1,barcode-hint,review
.td-barcode-icon,1,barcode-icon,review
.td-barcode-input,1,barcode-input,review
.td-bare-btn,3,bare-btn,review
.td-bc,1,bc,review
.td-bc--bar,3,bc-,review
.td-bc--chev,1,bc-,review
.td-bc--slash,1,bc-,review
.td-bc-item,5,bc-item,review
.td-bc-sep,3,bc-sep,review
.td-bell,2,bell,review
.td-bell-badge,1,bell-badge,review
.td-bento,3,bento,review
.td-bento-cell,2,bento-cell,review
.td-bento-cell--span-full,1,bento-cell,review
.td-bento-cell--span2,1,bento-cell,review
.td-bento-cell--span2r,1,bento-cell,review
.td-bento-eyebrow,1,bento-eyebrow,review
.td-bento-text,1,bento-text,review
.td-bento-title,1,bento-title,review
.td-bizcard,1,bizcard,review
.td-bizcard-co,1,bizcard-co,review
.td-bizcard-info,1,bizcard-info,review
.td-bizcard-name,1,bizcard-name,review
.td-bizcard-scan,1,bizcard-scan,review
.td-bizcard-view,1,bizcard-view,review
.td-blockquote,3,blockquote,review
.td-body,2,body,review
.td-bottomnav,1,bottomnav,review
.td-bottomnav-item,4,bottomnav-item,review
.td-brand,2,brand,review
.td-brand-dot,2,brand-dot,review
.td-brand-text,3,brand-text,review
.td-breadcrumbs,4,breadcrumbs,review
.td-breadcrumbs-sep,1,breadcrumbs-sep,review
.td-btn-row,4,btn-row,review
.td-bulkbar,6,bulkbar,review
.td-bulkbar-count,1,bulkbar-count,review
.td-bullet,1,bullet,review
.td-bullet-band,1,bullet-band,review
.td-bullet-fill,1,bullet-fill,review
.td-bullet-name,1,bullet-name,review
.td-bullet-target,1,bullet-target,review
.td-bullet-track,1,bullet-track,review
.td-bullet-val,1,bullet-val,review
.td-cal,1,cal,review
.td-cal-day,8,cal-day,review
.td-cal-day-h,1,cal-day,review
.td-cal-grid,2,cal-grid,review
.td-cal-head,1,cal-head,review
.td-cal-nav,3,cal-nav,review
.td-card,2,card,review
.td-card-avatar,1,card-avatar,review
.td-card-body,1,card-body,review
.td-card-case,3,card-case,review
.td-card-case-body,1,card-case,review
.td-card-case-tag,1,card-case,review
.td-card-case-visual,2,card-case,review
.td-card-copy,1,card-copy,review
.td-card-empty,3,card-empty,review
.td-card-empty-icon,2,card-empty,review
.td-card-eyebrow,1,card-eyebrow,review
.td-card-feature,3,card-feature,review
.td-card-pricing,1,card-pricing,review
.td-card-pricing-cta,1,card-pricing,review
.td-card-pricing-features,4,card-pricing,review
.td-card-pricing-name,1,card-pricing,review
.td-card-pricing-price,2,card-pricing,review
.td-card-profile,1,card-profile,review
.td-card-profile-actions,1,card-profile,review
.td-card-profile-name,1,card-profile,review
.td-card-profile-role,1,card-profile,review
.td-card-stat,1,card-stat,review
.td-card-stat-delta,1,card-stat,review
.td-card-stat-label,1,card-stat,review
.td-card-stat-num,2,card-stat,review
.td-card-stat-suffix,1,card-stat,review
.td-card-surface,2,card-surface,review
.td-card-surface-static,1,card-surface,review
.td-card-surface-veiled,1,card-surface,review
.td-carousel,1,carousel,review
.td-carousel-card,3,carousel-card,review
.td-carousel-card-cta,1,carousel-card,review
.td-carousel-card-eyebrow,1,carousel-card,review
.td-carousel-card-text,1,carousel-card,review
.td-carousel-card-title,1,carousel-card,review
.td-carousel-hint,1,carousel-hint,review
.td-cart,1,cart,review
.td-cart-count,1,cart-count,review
.td-cart-head,1,cart-head,review
.td-cart-item,2,cart-item,review
.td-cart-item-name,1,cart-item,review
.td-cart-item-p,1,cart-item,review
.td-cart-item-qty,1,cart-item,review
.td-cart-items,1,cart-items,review
.td-cart-qbtn,1,cart-qbtn,review
.td-cart-row,1,cart-row,review
.td-cart-row--total,1,cart-row,review
.td-cart-totals,1,cart-totals,review
.td-case,2,case,review
.td-case-art,1,case-art,review
.td-case-cta,1,case-cta,review
.td-case-eyebrow,1,case-eyebrow,review
.td-case-metric,1,case-metric,review
.td-case-metric-l,1,case-metric,review
.td-case-metric-v,1,case-metric,review
.td-case-metrics,2,case-metrics,review
.td-case-text,1,case-text,review
.td-case-title,1,case-title,review
.td-cb-c,1,cb-c,review
.td-cb-k,1,cb-k,review
.td-cb-n,1,cb-n,review
.td-cb-s,1,cb-s,review
.td-celebrate,1,celebrate,review
.td-celebrate-ring,5,celebrate-ring,review
.td-celebrate-text,1,celebrate-text,review
.td-celebrate-title,1,celebrate-title,review
.td-chart-bar,1,chart-bar,yes
.td-chart-bar-b,3,chart-bar,yes
.td-chart-bar-b--accent,1,chart-bar,yes
.td-chart-bar-b--brand,1,chart-bar,yes
.td-chart-bar-col,2,chart-bar,yes
.td-chart-bar-head,1,chart-bar,yes
.td-chart-bar-lbl,1,chart-bar,yes
.td-chart-bar-rows,2,chart-bar,yes
.td-chart-bar-stack,2,chart-bar,yes
.td-chart-card,1,chart-card,yes
.td-chart-card-head,1,chart-card,yes
.td-chart-card-meta,1,chart-card,yes
.td-chart-card-title,1,chart-card,yes
.td-chart-donut,1,chart-donut,yes
.td-chart-donut-center,1,chart-donut,yes
.td-chart-donut-item,1,chart-donut,yes
.td-chart-donut-item-dot,1,chart-donut,yes
.td-chart-donut-item-val,1,chart-donut,yes
.td-chart-donut-label,1,chart-donut,yes
.td-chart-donut-legend,1,chart-donut,yes
.td-chart-donut-seg,1,chart-donut,yes
.td-chart-donut-svg,2,chart-donut,yes
.td-chart-donut-track,1,chart-donut,yes
.td-chart-donut-value,1,chart-donut,yes
.td-chart-legend,2,chart-legend,yes
.td-chart-legend-dot,1,chart-legend,yes
.td-chart-legend-dot--accent,1,chart-legend,yes
.td-chart-legend-dot--brand,1,chart-legend,yes
.td-chart-legend-item,2,chart-legend,yes
.td-chart-legend-swatch,1,chart-legend,yes
.td-chart-line,1,chart-line,yes
.td-chart-line-head,1,chart-line,yes
.td-chart-plot,2,chart-plot,yes
.td-chart-svg-wrap,2,chart-svg,yes
.td-chart-yaxis,1,chart-yaxis,yes
.td-check,8,check,review
.td-check-box,7,check-box,review
.td-check-row,1,check-row,review
.td-chip,6,chip,review
.td-chip-count,1,chip-count,review
.td-chip-x,5,chip-x,review
.td-closer,2,closer,review
.td-closer--single,3,closer-,review
.td-closer-actions,4,closer-actions,review
.td-closer-body,2,closer-body,review
.td-closer-eyebrow,1,closer-eyebrow,review
.td-closer-note,1,closer-note,review
.td-closer-text,2,closer-text,review
.td-closer-title,1,closer-title,review
.td-cmd-body,1,cmd-body,review
.td-cmd-icon,4,cmd-icon,review
.td-cmd-kbd,2,cmd-kbd,review
.td-cmd-row,10,cmd-row,review
.td-cmd-sub,1,cmd-sub,review
.td-cmd-title,1,cmd-title,review
.td-cmdk,4,cmdk,review
.td-cmdk-empty,1,cmdk-empty,review
.td-cmdk-foot,1,cmdk-foot,review
.td-cmdk-group,1,cmdk-group,review
.td-cmdk-input,4,cmdk-input,review
.td-cmdk-list,2,cmdk-list,review
.td-cmdk-overlay,7,cmdk-overlay,review
.td-code-block,6,code-block,review
.td-code-pill,2,code-pill,review
.td-codeblock,7,codeblock,review
.td-codeblock-copy,2,codeblock-copy,review
.td-codeblock-head,1,codeblock-head,review
.td-codeblock-lang,1,codeblock-lang,review
.td-codeframe,2,codeframe,review
.td-codeframe-copy,5,codeframe-copy,review
.td-codeframe-head,1,codeframe-head,review
.td-codeframe-title,1,codeframe-title,review
.td-colorpop,2,colorpop,review
.td-colorpop-cell,3,colorpop-cell,review
.td-colorpop-grid,2,colorpop-grid,review
.td-colorpop-hex,1,colorpop-hex,review
.td-colorpop-pop,2,colorpop-pop,review
.td-colorpop-swatch,2,colorpop-swatch,review
.td-coloured,17,coloured,review
.td-coloured--azure,7,coloured-,review
.td-coloured--invert,12,coloured-,review
.td-coloured-label,2,coloured-label,review
.td-combobox,2,combobox,review
.td-combobox-empty,1,combobox-empty,review
.td-combobox-input,1,combobox-input,review
.td-combobox-list,2,combobox-list,review
.td-combobox-option,3,combobox-option,review
.td-combobox-option-mark,1,combobox-option,review
.td-compare-cell,2,compare-cell,review
.td-compare-row,2,compare-row,review
.td-compare-tag,1,compare-tag,review
.td-confirm,4,confirm,review
.td-consent,2,consent,review
.td-consent-actions,1,consent-actions,review
.td-consent-body,1,consent-body,review
.td-consent-close,4,consent-close,review
.td-consent-more,2,consent-more,review
.td-consent-title,1,consent-title,review
.td-container,4,container,review
.td-container--1,1,container-,review
.td-container--2,1,container-,review
.td-container--3,1,container-,review
.td-container--4,1,container-,review
.td-container--5,1,container-,review
.td-container--flush,1,container-,review
.td-container--measure,1,container-,review
.td-copy,3,copy,review
.td-copy-icon,1,copy-icon,review
.td-counter,1,counter,review
.td-counter-label,1,counter-label,review
.td-counter-value,2,counter-value,review
.td-cron,2,cron,review
.td-cron-status,5,cron-status,review
.td-cron-status-dot,3,cron-status,review
.td-cron-task,2,cron-task,review
.td-cron-time,1,cron-time,review
.td-cta,21,cta,review
.td-cta--lg,1,cta-,review
.td-cta--sm,1,cta-,review
.td-cta-arrow,2,cta-arrow,review
.td-cta-banner,2,cta-banner,review
.td-cta-banner-actions,1,cta-banner,review
.td-cta-banner-btn,1,cta-banner,review
.td-cta-banner-btn--ghost,1,cta-banner,review
.td-cta-banner-sub,1,cta-banner,review
.td-cta-banner-title,1,cta-banner,review
.td-cta-icon,1,cta-icon,review
.td-curtain,2,curtain,review
.td-curtain-body,2,curtain-body,review
.td-curtain-eyebrow,1,curtain-eyebrow,review
.td-curtain-text,1,curtain-text,review
.td-curtain-title,1,curtain-title,review
.td-custcard,1,custcard,review
.td-custcard-avatar,1,custcard-avatar,review
.td-custcard-co,1,custcard-co,review
.td-custcard-head,1,custcard-head,review
.td-custcard-info,1,custcard-info,review
.td-custcard-name,1,custcard-name,review
.td-custcard-stat,1,custcard-stat,review
.td-custcard-stat-l,1,custcard-stat,review
.td-custcard-stat-v,1,custcard-stat,review
.td-custcard-stats,2,custcard-stats,review
.td-custcard-tier,1,custcard-tier,review
.td-custtime,1,custtime,review
.td-custtime-body,1,custtime-body,review
.td-custtime-icon,1,custtime-icon,review
.td-custtime-icon--accent,1,custtime-icon,review
.td-custtime-icon--brand,1,custtime-icon,review
.td-custtime-icon--green,1,custtime-icon,review
.td-custtime-icon--ink,1,custtime-icon,review
.td-custtime-item,2,custtime-item,review
.td-custtime-text,2,custtime-text,review
.td-custtime-time,1,custtime-time,review
.td-data-list,1,data-list,review
.td-data-list-label,2,data-list,review
.td-data-list-meta,2,data-list,review
.td-data-list-row,8,data-list,review
.td-data-list-value,1,data-list,review
.td-daterange,3,daterange,review
.td-daterange-arrow,1,daterange-arrow,review
.td-daterange-quick,3,daterange-quick,review
.td-desktop-only,1,desktop-only,review
.td-diff,1,diff,review
.td-diff-line,1,diff-line,review
.td-diff-line--add,1,diff-line,review
.td-diff-line--ctx,1,diff-line,review
.td-diff-line--del,1,diff-line,review
.td-diff-line--meta,1,diff-line,review
.td-diff-mark,1,diff-mark,review
.td-disclose,4,disclose,review
.td-disclose-body,4,disclose-body,review
.td-disclose-chevron,3,disclose-chevron,review
.td-disclose-panel,2,disclose-panel,review
.td-disclose-trigger,3,disclose-trigger,review
.td-display-text,1,display-text,review
.td-dl,3,dl,review
.td-dock,1,dock,review
.td-dock-item,5,dock-item,review
.td-dock-sep,1,dock-sep,review
.td-drawer,2,drawer,review
.td-drfield,3,drfield,review
.td-drfield-label,2,drfield-label,review
.td-drfield-value,1,drfield-value,review
.td-dropdown,4,dropdown,review
.td-dropdown-check,2,dropdown-check,review
.td-dropdown-chevron,2,dropdown-chevron,review
.td-dropdown-item,6,dropdown-item,review
.td-dropdown-item-text,2,dropdown-item,review
.td-dropdown-menu,3,dropdown-menu,review
.td-dropdown-trigger,4,dropdown-trigger,review
.td-dropdown-value,1,dropdown-value,review
.td-dropzone,4,dropzone,review
.td-dropzone-browse,1,dropzone-browse,review
.td-dropzone-icon,1,dropzone-icon,review
.td-dropzone-text,2,dropzone-text,review
.td-dropzone-title,1,dropzone-title,review
.td-drpick,1,drpick,review
.td-drpop,2,drpop,review
.td-drpop-foot,1,drpop-foot,review
.td-drsep,1,drsep,review
.td-drtime,1,drtime,review
.td-drtime-label,1,drtime-label,review
.td-drtime-list,1,drtime-list,review
.td-drtime-opt,3,drtime-opt,review
.td-dualrange,4,dualrange,review
.td-dualrange-fill,1,dualrange-fill,review
.td-dualrange-track,1,dualrange-track,review
.td-dualrange-vals,2,dualrange-vals,review
.td-eg-spark,1,eg-spark,review
.td-eg-table,8,eg-table,review
.td-eg-table-wrap,1,eg-table,review
.td-empty,1,empty,review
.td-empty-art,2,empty-art,review
.td-empty-cta,2,empty-cta,review
.td-empty-text,1,empty-text,review
.td-empty-title,1,empty-title,review
.td-engagement,6,engagement,review
.td-engagement-arrow,4,engagement-arrow,review
.td-engagement-body,1,engagement-body,review
.td-engagement-foot,1,engagement-foot,review
.td-engagement-result,3,engagement-result,review
.td-engagement-sector,1,engagement-sector,review
.td-engagement-summary,1,engagement-summary,review
.td-engagement-title,1,engagement-title,review
.td-engagements,1,engagements,review
.td-eyebrow,2,eyebrow,review
.td-fab,5,fab,review
.td-fab--solid,3,fab-,review
.td-fab-dot,1,fab-dot,review
.td-fabanner,1,fabanner,review
.td-fabanner-body,1,fabanner-body,review
.td-fabanner-close,2,fabanner-close,review
.td-fabanner-cta,2,fabanner-cta,review
.td-fabanner-icon,1,fabanner-icon,review
.td-fabanner-sub,1,fabanner-sub,review
.td-fabanner-title,1,fabanner-title,review
.td-facet,5,facet,review
.td-facet-btn,6,facet-btn,review
.td-facet-caret,2,facet-caret,review
.td-facet-count,1,facet-count,review
.td-facet-foot,1,facet-foot,review
.td-facet-group,4,facet-group,review
.td-facet-list,3,facet-list,review
.td-facet-opt,7,facet-opt,review
.td-facet-opt-body,1,facet-opt,review
.td-facet-opt-count,1,facet-opt,review
.td-facet-opt-hint,1,facet-opt,review
.td-facet-opt-label,2,facet-opt,review
.td-facet-panel,2,facet-panel,review
.td-facet-selected,1,facet-selected,review
.td-faceted,1,faceted,review
.td-faceted-count,2,faceted-count,review
.td-faceted-facets,1,faceted-facets,review
.td-faceted-group,1,faceted-group,review
.td-faceted-item,5,faceted-item,review
.td-faceted-label,1,faceted-label,review
.td-faceted-result,4,faceted-result,review
.td-faceted-results,1,faceted-results,review
.td-faq,1,faq,review
.td-faq--marketing,6,faq-,review
.td-faq-a,4,faq-a,review
.td-faq-chev,3,faq-chev,review
.td-faq-item,4,faq-item,review
.td-faq-q,3,faq-q,review
.td-fbar,5,fbar,review
.td-fbar-applied,1,fbar-applied,review
.td-fbar-clear,4,fbar-clear,review
.td-fbar-label,1,fbar-label,review
.td-fbar-rail,3,fbar-rail,review
.td-fbar-search,4,fbar-search,review
.td-fbar-sort,4,fbar-sort,review
.td-fbar-sort-label,1,fbar-sort,review
.td-fbar-token,1,fbar-token,review
.td-fbar-token-x,4,fbar-token,review
.td-feed,1,feed,review
.td-feed-avatar,1,feed-avatar,review
.td-feed-body,1,feed-body,review
.td-feed-item,2,feed-item,review
.td-feed-pulse,1,feed-pulse,review
.td-feed-text,2,feed-text,review
.td-feed-time,1,feed-time,review
.td-field,1,field,review
.td-field--actions,1,field-,review
.td-field-error,1,field-error,review
.td-field-row,1,field-row,review
.td-fieldset,1,fieldset,review
.td-fieldset-legend,1,fieldset-legend,review
.td-filter-chip,7,filter-chip,review
.td-filter-chip-count,1,filter-chip,review
.td-filters,1,filters,review
.td-filters-clear,5,filters-clear,review
.td-filters-clear-x,4,filters-clear,review
.td-fine,1,fine,review
.td-footer,2,footer,review
.td-footer-addr,2,footer-addr,review
.td-footer-bottom,5,footer-bottom,review
.td-footer-bottom-links,1,footer-bottom,review
.td-footer-brand,5,footer-brand,review
.td-footer-brand-act,4,footer-brand,review
.td-footer-brand-copy,1,footer-brand,review
.td-footer-col,5,footer-col,review
.td-footer-contact,1,footer-contact,review
.td-footer-contactitem,5,footer-contactitem,review
.td-footer-contactitem-k,1,footer-contactitem,review
.td-footer-contactwell,1,footer-contactwell,review
.td-footer-contactwell-grid,2,footer-contactwell,review
.td-footer-contactwell-label,1,footer-contactwell,review
.td-footer-grid,4,footer-grid,review
.td-footer-hours,3,footer-hours,review
.td-footer-social,71,footer-social,review
.td-footer-sub,3,footer-sub,review
.td-footer-sub-label,2,footer-sub,review
.td-footer-sub-note,1,footer-sub,review
.td-footer-sub-slot,9,footer-sub,review
.td-footer-wa,3,footer-wa,review
.td-form,1,form,review
.td-frame,2,frame,review
.td-funnel,1,funnel,review
.td-funnel-bar,1,funnel-bar,review
.td-funnel-bar--accent,1,funnel-bar,review
.td-funnel-bar--brand,1,funnel-bar,review
.td-funnel-bar--green,1,funnel-bar,review
.td-funnel-bar--ink,1,funnel-bar,review
.td-funnel-row,1,funnel-row,review
.td-funnel-val,1,funnel-val,review
.td-gallery,3,gallery,review
.td-gallery-item,3,gallery-item,review
.td-gauge,4,gauge,review
.td-gauge-bar,4,gauge-bar,review
.td-gauge-bars,1,gauge-bars,review
.td-gauge-label,1,gauge-label,review
.td-gauge-value,1,gauge-value,review
.td-geo,3,geo,review
.td-geo-cell,6,geo-cell,review
.td-glass,2,glass,review
.td-glass-eyebrow,1,glass-eyebrow,review
.td-glass-text,1,glass-text,review
.td-glass-title,1,glass-title,review
.td-glowicon,19,glowicon,review
.td-glowicon--azure,11,glowicon-,review
.td-glowicon--fb,21,glowicon-,review
.td-glowicon--ig,21,glowicon-,review
.td-glowicon--invert,11,glowicon-,review
.td-glowicon--li,21,glowicon-,review
.td-glowicon--papaya,11,glowicon-,review
.td-glowicon--text,5,glowicon-,review
.td-glowicon--wa,19,glowicon-,review
.td-glowicon--wa-inv,10,glowicon-,review
.td-glowicon--x,23,glowicon-,review
.td-glowicon--yt,21,glowicon-,review
.td-glowicon-label,13,glowicon-label,review
.td-gps,1,gps,review
.td-gps-head,1,gps-head,review
.td-gps-loc,1,gps-loc,review
.td-gps-pulse,2,gps-pulse,review
.td-gps-time,1,gps-time,review
.td-h1,3,h1,review
.td-h1-line,4,h1-line,review
.td-h2,3,h2,review
.td-h3,3,h3,review
.td-h4,2,h4,review
.td-h5,2,h5,review
.td-h6,2,h6,review
.td-hbar,1,hbar,review
.td-hbar-fill,1,hbar-fill,review
.td-hbar-name,1,hbar-name,review
.td-hbar-track,1,hbar-track,review
.td-hbar-val,1,hbar-val,review
.td-heatmap,2,heatmap,review
.td-heatmap-cell,6,heatmap-cell,review
.td-heatmap-legend,1,heatmap-legend,review
.td-heatmap-legend-cells,1,heatmap-legend,review
.td-helper,1,helper,review
.td-helper--error,1,helper-,review
.td-helper--success,1,helper-,review
.td-hero-actions,6,hero-actions,yes
.td-hero-visual,1,hero-visual,yes
.td-hint-chip,1,hint-chip,review
.td-hr,1,hr,review
.td-icon,1,icon,review
.td-icon--1,2,icon-,review
.td-icon--2,2,icon-,review
.td-icon--3,1,icon-,review
.td-icon--4,1,icon-,review
.td-icon--5,1,icon-,review
.td-icon-moon,4,icon-moon,review
.td-icon-sun,5,icon-sun,review
.td-iconbtn,17,iconbtn,review
.td-iconbtn--sm,3,iconbtn-,review
.td-iepacc,1,iepacc,review
.td-iepacc-item,2,iepacc-item,review
.td-iepacc-list,1,iepacc-list,review
.td-iepacc-title,1,iepacc-title,review
.td-iepbeh,1,iepbeh,review
.td-iepbeh-head,1,iepbeh-head,review
.td-iepbeh-meta,1,iepbeh-meta,review
.td-iepbeh-tag,1,iepbeh-tag,review
.td-iepbeh-tag--antecedent,1,iepbeh-tag,review
.td-iepbeh-tag--behavior,1,iepbeh-tag,review
.td-iepbeh-tag--consequence,1,iepbeh-tag,review
.td-iepbeh-text,1,iepbeh-text,review
.td-iepbeh-time,1,iepbeh-time,review
.td-iepcompl,1,iepcompl,review
.td-iepcompl-bar,1,iepcompl-bar,review
.td-iepcompl-bar-fill,1,iepcompl-bar,review
.td-iepcompl-bar-fill--due,1,iepcompl-bar,review
.td-iepcompl-bar-fill--ok,1,iepcompl-bar,review
.td-iepcompl-bar-fill--warn,1,iepcompl-bar,review
.td-iepcompl-head,1,iepcompl-head,review
.td-iepcompl-pill,1,iepcompl-pill,review
.td-iepcompl-pill--due,1,iepcompl-pill,review
.td-iepcompl-pill--ok,1,iepcompl-pill,review
.td-iepcompl-pill--warn,1,iepcompl-pill,review
.td-iepcompl-title,1,iepcompl-title,review
.td-iepdoc,1,iepdoc,review
.td-iepdoc-icon,1,iepdoc-icon,review
.td-iepdoc-icon--accent,1,iepdoc-icon,review
.td-iepdoc-icon--ink,1,iepdoc-icon,review
.td-iepdoc-info,1,iepdoc-info,review
.td-iepdoc-meta,1,iepdoc-meta,review
.td-iepdoc-name,1,iepdoc-name,review
.td-iepdoc-signed,1,iepdoc-signed,review
.td-iepgoal,1,iepgoal,review
.td-iepgoal-area,1,iepgoal-area,review
.td-iepgoal-bar,1,iepgoal-bar,review
.td-iepgoal-fill,1,iepgoal-fill,review
.td-iepgoal-head,1,iepgoal-head,review
.td-iepgoal-pct,1,iepgoal-pct,review
.td-iepgoal-text,1,iepgoal-text,review
.td-iepmeeting,1,iepmeeting,review
.td-iepmeeting-attendee,2,iepmeeting-attendee,review
.td-iepmeeting-attendees,1,iepmeeting-attendees,review
.td-iepmeeting-eyebrow,1,iepmeeting-eyebrow,review
.td-iepmeeting-time,1,iepmeeting-time,review
.td-iepmeeting-title,1,iepmeeting-title,review
.td-iepprog,1,iepprog,review
.td-iepprog-axis,1,iepprog-axis,review
.td-iepprog-head,1,iepprog-head,review
.td-iepprog-svg,1,iepprog-svg,review
.td-iepprog-title,1,iepprog-title,review
.td-iepprog-trend,1,iepprog-trend,review
.td-iepstudent,1,iepstudent,review
.td-iepstudent-avatar,1,iepstudent-avatar,review
.td-iepstudent-info,1,iepstudent-info,review
.td-iepstudent-meta,1,iepstudent-meta,review
.td-iepstudent-name,1,iepstudent-name,review
.td-iepstudent-row,1,iepstudent-row,review
.td-iepstudent-tag,1,iepstudent-tag,review
.td-iepstudent-tag--accent,1,iepstudent-tag,review
.td-iepstudent-tag--brand,1,iepstudent-tag,review
.td-iepsvc,2,iepsvc,review
.td-iepsvc-date,1,iepsvc-date,review
.td-iepsvc-min,1,iepsvc-min,review
.td-iepsvc-prov,1,iepsvc-prov,review
.td-iepsvc-type,1,iepsvc-type,review
.td-ieptrans,1,ieptrans,review
.td-ieptrans-dot,3,ieptrans-dot,review
.td-ieptrans-due,1,ieptrans-due,review
.td-ieptrans-step,6,ieptrans-step,review
.td-ieptrans-text,2,ieptrans-text,review
.td-inlert,1,inlert,review
.td-inlert--error,2,inlert-,review
.td-inlert--info,2,inlert-,review
.td-inlert--success,2,inlert-,review
.td-inlert--warning,2,inlert-,review
.td-inlert-body,1,inlert-body,review
.td-inlert-icon,5,inlert-icon,review
.td-inlert-text,1,inlert-text,review
.td-inlert-title,1,inlert-title,review
.td-inline-edit,2,inline-edit,review
.td-inline-edit-input,2,inline-edit,review
.td-inline-edit-key,1,inline-edit,review
.td-inline-edit-row,1,inline-edit,review
.td-inline-edit-text,1,inline-edit,review
.td-input,3,input,review
.td-input-icon,3,input-icon,review
.td-input-trailing,3,input-trailing,review
.td-input-wrap,18,input-wrap,review
.td-isostack,3,isostack,review
.td-isostack-card,6,isostack-card,review
.td-isostack-eyebrow,1,isostack-eyebrow,review
.td-isostack-title,1,isostack-title,review
.td-kbd,2,kbd,review
.td-kbdchord,2,kbdchord,review
.td-kbdchord-label,1,kbdchord-label,review
.td-kbdchord-plus,1,kbdchord-plus,review
.td-kpi,1,kpi,review
.td-kpi-delta,1,kpi-delta,review
.td-kpi-delta--down,1,kpi-delta,review
.td-kpi-delta--neutral,1,kpi-delta,review
.td-kpi-delta--up,1,kpi-delta,review
.td-kpi-eyebrow,1,kpi-eyebrow,review
.td-kpi-grid,5,kpi-grid,review
.td-kpi-label,1,kpi-label,review
.td-kpi-spark,1,kpi-spark,review
.td-kpi-value,1,kpi-value,review
.td-label,1,label,review
.td-label-optional,1,label-optional,review
.td-label-required,1,label-required,review
.td-lamp,35,lamp,review
.td-lang,2,lang,review
.td-lang-flag,1,lang-flag,review
.td-lead,2,lead,review
.td-lead--xl,1,lead-,review
.td-leadform,1,leadform,review
.td-leadform-field,1,leadform-field,review
.td-leadform-input,2,leadform-input,review
.td-leadform-lbl,1,leadform-lbl,review
.td-leadform-prio,4,leadform-prio,review
.td-leadform-priority,1,leadform-priority,review
.td-leadform-row,1,leadform-row,review
.td-leadform-textarea,1,leadform-textarea,review
.td-leadtime,1,leadtime,review
.td-leadtime-fill,1,leadtime-fill,review
.td-leadtime-fill--fast,1,leadtime-fill,review
.td-leadtime-fill--med,1,leadtime-fill,review
.td-leadtime-fill--slow,1,leadtime-fill,review
.td-leadtime-label,1,leadtime-label,review
.td-leadtime-track,1,leadtime-track,review
.td-leadtime-val,1,leadtime-val,review
.td-linkcell,5,linkcell,review
.td-linkcell-arrow,2,linkcell-arrow,review
.td-linkcell-kicker,1,linkcell-kicker,review
.td-linkcell-title,1,linkcell-title,review
.td-linkcells,1,linkcells,review
.td-loading-dots,5,loading-dots,review
.td-logos,1,logos,review
.td-logos-item,6,logos-item,review
.td-logos-label,1,logos-label,review
.td-ltv,1,ltv,review
.td-ltv-cell,1,ltv-cell,review
.td-ltv-cell--accent,1,ltv-cell,review
.td-ltv-cell--brand,1,ltv-cell,review
.td-ltv-cell-l,1,ltv-cell,review
.td-ltv-cell-v,3,ltv-cell,review
.td-ltv-grid,1,ltv-grid,review
.td-ltv-head,1,ltv-head,review
.td-ltv-ratio,1,ltv-ratio,review
.td-ltv-title,1,ltv-title,review
.td-magnetic,4,magnetic,review
.td-magnetic--accent,1,magnetic-,review
.td-magnetic--brand,1,magnetic-,review
.td-magnetic-stage,3,magnetic-stage,review
.td-main,1,main,review
.td-map,1,map,review
.td-map-grid,1,map-grid,review
.td-map-pin,1,map-pin,review
.td-map-pin--accent,1,map-pin,review
.td-map-pin-dot,2,map-pin,review
.td-map-pin-label,1,map-pin,review
.td-mark,3,mark,review
.td-mark-dot,1,mark-dot,review
.td-mark-ring,2,mark-ring,review
.td-mark-ring--2,1,mark-ring,review
.td-marquee,2,marquee,review
.td-marquee-item,2,marquee-item,review
.td-marquee-mark,1,marquee-mark,review
.td-marquee-track,2,marquee-track,review
.td-masonry,3,masonry,review
.td-masonry-img,1,masonry-img,review
.td-masonry-item,1,masonry-item,review
.td-masonry-text,1,masonry-text,review
.td-masonry-title,1,masonry-title,review
.td-mega,6,mega,review
.td-mega-close,5,mega-close,review
.td-mega-content,2,mega-content,review
.td-mega-cta,10,mega-cta,review
.td-mega-feature,5,mega-feature,review
.td-mega-feature-cta,3,mega-feature,review
.td-mega-feature-stats,4,mega-feature,review
.td-mega-feature-tag,2,mega-feature,review
.td-mega-feature-visual,3,mega-feature,review
.td-mega-feature-wrap,2,mega-feature,review
.td-mega-head,7,mega-head,review
.td-mega-head-actions,2,mega-head,review
.td-mega-head-text,5,mega-head,review
.td-mega-inner,6,mega-inner,review
.td-mega-list,3,mega-list,review
.td-mega-op-copy,4,mega-op,review
.td-mega-op-icon,15,mega-op,review
.td-mega-option,23,mega-option,review
.td-mega-pane,15,mega-pane,review
.td-mega-panel,2,mega-panel,review
.td-metric,1,metric,review
.td-metric-delta,3,metric-delta,review
.td-metric-label,1,metric-label,review
.td-metric-spark,2,metric-spark,review
.td-metric-value,1,metric-value,review
.td-mic,5,mic,review
.td-mic-pulse,2,mic-pulse,review
.td-micro,1,micro,review
.td-mig,1,mig,review
.td-mig-bar,1,mig-bar,review
.td-mig-bar-fill,1,mig-bar,review
.td-mig-meta,1,mig-meta,review
.td-mig-step,7,mig-step,review
.td-mig-step-icon,4,mig-step,review
.td-mig-steps,1,mig-steps,review
.td-mini404,1,mini404,review
.td-mini404-num,1,mini404-num,review
.td-mini404-sub,1,mini404-sub,review
.td-mobile-only,1,mobile-only,review
.td-modal,1,modal,review
.td-modal-actions,1,modal-actions,review
.td-modal-desc,1,modal-desc,review
.td-modal-head,1,modal-head,review
.td-modal-title,1,modal-title,review
.td-mono,3,mono,review
.td-multistep,1,multistep,review
.td-multistep-actions,1,multistep-actions,review
.td-multistep-bar,1,multistep-bar,review
.td-multistep-meta,2,multistep-meta,review
.td-multistep-step,5,multistep-step,review
.td-multistep-step-fill,3,multistep-step,review
.td-multistep-title,1,multistep-title,review
.td-nav-burger,1,nav-burger,review
.td-nav-right,1,nav-right,review
.td-nav-wrap,5,nav-wrap,review
.td-navbar,4,navbar,review
.td-navbtn,9,navbtn,review
.td-navbtn-chevron,4,navbtn-chevron,review
.td-navlinks,1,navlinks,review
.td-navsearch,4,navsearch,review
.td-news,1,news,review
.td-news-btn,1,news-btn,review
.td-news-form,1,news-form,review
.td-news-input,2,news-input,review
.td-news-text,1,news-text,review
.td-news-title,1,news-title,review
.td-nfdot,1,nfdot,review
.td-nfdot-pulse,2,nfdot-pulse,review
.td-nowplay,1,nowplay,review
.td-nowplay-art,2,nowplay-art,review
.td-nowplay-body,1,nowplay-body,review
.td-nowplay-eq,7,nowplay-eq,review
.td-nowplay-sub,1,nowplay-sub,review
.td-nowplay-title,1,nowplay-title,review
.td-nps,1,nps,review
.td-nps-label,1,nps-label,review
.td-nps-ring,2,nps-ring,review
.td-nps-row,1,nps-row,review
.td-nps-row-bar,1,nps-row,review
.td-nps-row-fill,1,nps-row,review
.td-nps-row-fill--d,1,nps-row,review
.td-nps-row-fill--n,1,nps-row,review
.td-nps-row-fill--p,1,nps-row,review
.td-nps-row-lbl,1,nps-row,review
.td-nps-row-val,1,nps-row,review
.td-nps-rows,1,nps-rows,review
.td-nps-value,1,nps-value,review
.td-otp,1,otp,review
.td-otp-cell,3,otp-cell,review
.td-overlay-backdrop,2,overlay-backdrop,review
.td-pad-card,1,pad-card,review
.td-pad-control,1,pad-control,review
.td-pad-panel,1,pad-panel,review
.td-page-actions,1,page-actions,yes
.td-page-head,1,page-head,yes
.td-page-sub,1,page-sub,yes
.td-page-title,1,page-title,yes
.td-pagination,5,pagination,review
.td-panel,1,panel,review
.td-panel-head,1,panel-head,review
.td-panel-sub,1,panel-sub,review
.td-panel-tab,2,panel-tab,review
.td-panel-tabs,1,panel-tabs,review
.td-panel-title,1,panel-title,review
.td-pay,2,pay,review
.td-pay-btn,4,pay-btn,review
.td-pay-icon,2,pay-icon,review
.td-pdfprev,1,pdfprev,review
.td-pdfprev-action,2,pdfprev-action,review
.td-pdfprev-actions,1,pdfprev-actions,review
.td-pdfprev-body,1,pdfprev-body,review
.td-pdfprev-line,1,pdfprev-line,review
.td-pdfprev-line--w50,1,pdfprev-line,review
.td-pdfprev-line--w70,1,pdfprev-line,review
.td-pdfprev-line--w90,1,pdfprev-line,review
.td-pdfprev-meta,1,pdfprev-meta,review
.td-pdfprev-name,1,pdfprev-name,review
.td-pdfprev-thumb,1,pdfprev-thumb,review
.td-peek,3,peek,review
.td-peek-card,3,peek-card,review
.td-peek-trigger,1,peek-trigger,review
.td-perf,1,perf,review
.td-perf-cell,1,perf-cell,review
.td-perf-d,1,perf-d,review
.td-perf-d--down,1,perf-d,review
.td-perf-d--up,1,perf-d,review
.td-perf-l,1,perf-l,review
.td-perf-v,1,perf-v,review
.td-photo,1,photo,review
.td-photo-add,1,photo-add,review
.td-photos,1,photos,review
.td-pill,1,pill,review
.td-pill--live,1,pill-,review
.td-pill--pipeline,1,pill-,review
.td-pill--risk,1,pill-,review
.td-pill-dot,1,pill-dot,review
.td-pill-dot--accent,1,pill-dot,review
.td-pill-dot--brand,1,pill-dot,review
.td-pill-dot--green,1,pill-dot,review
.td-pill-dot--ink,1,pill-dot,review
.td-pipe,1,pipe,review
.td-pipe-arrow,1,pipe-arrow,review
.td-pipe-dot,4,pipe-dot,review
.td-pipe-step,8,pipe-step,review
.td-pipeline,1,pipeline,review
.td-pipeline-col,1,pipeline-col,review
.td-pipeline-col-count,1,pipeline-col,review
.td-pipeline-col-head,1,pipeline-col,review
.td-pipeline-deal,3,pipeline-deal,review
.td-pipeline-deal-amount,1,pipeline-deal,review
.td-po,2,po,review
.td-po-amt,1,po-amt,review
.td-po-id,1,po-id,review
.td-po-status,1,po-status,review
.td-po-status--draft,1,po-status,review
.td-po-status--received,1,po-status,review
.td-po-status--sent,1,po-status,review
.td-po-status--shipped,1,po-status,review
.td-po-vendor,1,po-vendor,review
.td-pomo,4,pomo,review
.td-pomo-btn,2,pomo-btn,review
.td-pomo-btn--primary,2,pomo-btn,review
.td-pomo-controls,1,pomo-controls,review
.td-pomo-fill,4,pomo-fill,review
.td-pomo-label,1,pomo-label,review
.td-pomo-ring,2,pomo-ring,review
.td-pomo-status,1,pomo-status,review
.td-pomo-track,1,pomo-track,review
.td-popover,2,popover,review
.td-popover-title,1,popover-title,review
.td-popover-wrap,2,popover-wrap,review
.td-posgrid,3,posgrid,review
.td-positem,2,positem,review
.td-positem-name,1,positem-name,review
.td-positem-price,1,positem-price,review
.td-price,2,price,review
.td-price-amt,1,price-amt,review
.td-price-badge,1,price-badge,review
.td-price-cta,1,price-cta,review
.td-price-feature,2,price-feature,review
.td-price-features,1,price-features,review
.td-price-name,1,price-name,review
.td-price-per,1,price-per,review
.td-price-tag,1,price-tag,review
.td-primary,34,primary,review
.td-primary--alt-lift,1,primary-,review
.td-primary--alt-recess,1,primary-,review
.td-primary--alt-soft,3,primary-,review
.td-primary--blue,9,primary-,review
.td-primary--demo,1,primary-,review
.td-primary--lg,1,primary-,review
.td-primary--sm,1,primary-,review
.td-primary-label,2,primary-label,review
.td-profile,2,profile,review
.td-profile-avatar,1,profile-avatar,review
.td-profile-email,1,profile-email,review
.td-profile-head,1,profile-head,review
.td-profile-item,3,profile-item,review
.td-profile-name,1,profile-name,review
.td-profile-pop,2,profile-pop,review
.td-profile-sep,1,profile-sep,review
.td-profile-trigger,2,profile-trigger,review
.td-progress,1,progress,review
.td-progress-bar,1,progress-bar,review
.td-progress-read,1,progress-read,review
.td-progress-read-bar,2,progress-read,review
.td-prose,13,prose,review
.td-prose-block,1,prose-block,review
.td-ptr,1,ptr,review
.td-ptr-dot,1,ptr-dot,review
.td-ptr-indicator,2,ptr-indicator,review
.td-ptr-item,2,ptr-item,review
.td-ptr-item-text,1,ptr-item,review
.td-ptr-item-time,1,ptr-item,review
.td-ptr-list,1,ptr-list,review
.td-pw,5,pw,review
.td-pw-bar,1,pw-bar,review
.td-pw-label,1,pw-label,review
.td-pw-label-hint,1,pw-label,review
.td-pw-seg,5,pw-seg,review
.td-quote,1,quote,review
.td-quote-name,1,quote-name,review
.td-quote-price,1,quote-price,review
.td-quote-qty,1,quote-qty,review
.td-quote-row,3,quote-row,review
.td-quote-total,1,quote-total,review
.td-quote-total-l,1,quote-total,review
.td-quote-total-v,1,quote-total,review
.td-quote-x,2,quote-x,review
.td-radial,5,radial,review
.td-radial-action,4,radial-action,review
.td-radial-action-label,2,radial-action,review
.td-radial-actions,2,radial-actions,review
.td-radial-fab,3,radial-fab,review
.td-radio,7,radio,review
.td-radio-dot,7,radio-dot,review
.td-range,7,range,review
.td-rating,1,rating,review
.td-rating--inset,1,rating-,review
.td-rating--lg,4,rating-,review
.td-rating-btn,10,rating-btn,review
.td-rating-count,2,rating-count,review
.td-rating-input,1,rating-input,review
.td-rating-star,2,rating-star,review
.td-rating-star--empty,1,rating-star,review
.td-rating-star--half,2,rating-star,review
.td-rating-stars,1,rating-stars,review
.td-rating-value,2,rating-value,review
.td-receipt,3,receipt,review
.td-receipt-foot,1,receipt-foot,review
.td-receipt-head,1,receipt-head,review
.td-receipt-row,1,receipt-row,review
.td-receipt-sep,1,receipt-sep,review
.td-receipt-sub,1,receipt-sub,review
.td-receipt-total,1,receipt-total,review
.td-reel,1,reel,review
.td-reel-art,2,reel-art,review
.td-reel-body,1,reel-body,review
.td-reel-card,3,reel-card,review
.td-reel-sub,1,reel-sub,review
.td-reel-title,1,reel-title,review
.td-refund,1,refund,review
.td-refund-amt,1,refund-amt,review
.td-refund-meta,1,refund-meta,review
.td-refund-title,1,refund-title,review
.td-renewal,1,renewal,review
.td-renewal-bar,1,renewal-bar,review
.td-renewal-bar-block,4,renewal-bar,review
.td-renewal-days,1,renewal-days,review
.td-renewal-days--ok,1,renewal-days,review
.td-renewal-days--warn,1,renewal-days,review
.td-renewal-head,1,renewal-head,review
.td-renewal-name,1,renewal-name,review
.td-reset-fig,1,reset-fig,review
.td-reset-list,1,reset-list,review
.td-ribbon,1,ribbon,review
.td-ribbon--accent,1,ribbon-,review
.td-ribbon--corner,1,ribbon-,review
.td-ribbon--green,1,ribbon-,review
.td-ribbon--ink,1,ribbon-,review
.td-richtext,1,richtext,review
.td-richtext-body,4,richtext-body,review
.td-richtext-btn,3,richtext-btn,review
.td-richtext-sep,1,richtext-sep,review
.td-richtext-toolbar,1,richtext-toolbar,review
.td-ring,2,ring,review
.td-ring-fill,1,ring-fill,review
.td-ring-track,1,ring-track,review
.td-ring-value,1,ring-value,review
.td-rlist,6,rlist,review
.td-rlist-arrow,4,rlist-arrow,review
.td-rlist-body,1,rlist-body,review
.td-rlist-cat,1,rlist-cat,review
.td-rlist-excerpt,2,rlist-excerpt,review
.td-rlist-flag,2,rlist-flag,review
.td-rlist-meta,4,rlist-meta,review
.td-rlist-meta-sep,1,rlist-meta,review
.td-rlist-row,11,rlist-row,review
.td-rlist-tile,4,rlist-tile,review
.td-rlist-title,3,rlist-title,review
.td-roadmap,2,roadmap,review
.td-roadmap-item,5,roadmap-item,review
.td-roadmap-quarter,1,roadmap-quarter,review
.td-roadmap-text,1,roadmap-text,review
.td-roadmap-title,1,roadmap-title,review
.td-root,61,root,review
.td-route,1,route,review
.td-route-body,1,route-body,review
.td-route-meta,1,route-meta,review
.td-route-name,1,route-name,review
.td-route-status,1,route-status,review
.td-route-status--done,1,route-status,review
.td-route-status--next,1,route-status,review
.td-route-status--now,1,route-status,review
.td-route-stop,2,route-stop,review
.td-route-time,1,route-time,review
.td-row,1,row,review
.td-row-tight,1,row-tight,review
.td-sb-avatar,1,sb-avatar,review
.td-sb-foot,1,sb-foot,review
.td-sb-head,1,sb-head,review
.td-sb-item,6,sb-item,review
.td-sb-item-count,2,sb-item,review
.td-sb-label,1,sb-label,review
.td-sb-logo,1,sb-logo,review
.td-sb-name,1,sb-name,review
.td-sb-role,1,sb-role,review
.td-sb-section,1,sb-section,review
.td-sb-sub,1,sb-sub,review
.td-sb-user,1,sb-user,review
.td-scroll-sm,3,scroll-sm,review
.td-scrollbtn,7,scrollbtn,review
.td-scrollbtns,5,scrollbtns,review
.td-scrollhost,7,scrollhost,review
.td-scrollshell,10,scrollshell,review
.td-search,6,search,review
.td-search-empty,1,search-empty,review
.td-search-icon,2,search-icon,review
.td-search-result,4,search-result,review
.td-search-result-meta,1,search-result,review
.td-search-results,2,search-results,review
.td-search-text,1,search-text,review
.td-search-wrap,1,search-wrap,review
.td-section,1,section,review
.td-section-block,1,section-block,review
.td-section-block--lg,1,section-block,review
.td-section-gap,3,section-gap,review
.td-segmented,5,segmented,review
.td-select,1,select,review
.td-select-chevron,1,select-chevron,review
.td-select-wrap,3,select-wrap,review
.td-service,2,service,review
.td-service-icon,1,service-icon,review
.td-service-text,1,service-text,review
.td-service-title,1,service-title,review
.td-services,3,services,review
.td-seyebrow,7,seyebrow,review
.td-seyebrow--center,2,seyebrow-,review
.td-shell,2,shell,yes
.td-shift,1,shift,review
.td-shift-head,1,shift-head,review
.td-shift-name,1,shift-name,review
.td-shift-stat,1,shift-stat,review
.td-shift-stat-l,1,shift-stat,review
.td-shift-stat-v,1,shift-stat,review
.td-shift-stats,2,shift-stats,review
.td-shift-time,1,shift-time,review
.td-sidebar,1,sidebar,yes
.td-sidemodal,2,sidemodal,review
.td-sidemodal-backdrop,2,sidemodal-backdrop,review
.td-sidemodal-close,4,sidemodal-close,review
.td-sidemodal-empty,1,sidemodal-empty,review
.td-sidemodal-group,1,sidemodal-group,review
.td-sidemodal-head,1,sidemodal-head,review
.td-sidemodal-item,7,sidemodal-item,review
.td-sidemodal-item-count,1,sidemodal-item,review
.td-sidemodal-item-name,1,sidemodal-item,review
.td-sidemodal-item-num,2,sidemodal-item,review
.td-sidemodal-list,1,sidemodal-list,review
.td-sidemodal-search,4,sidemodal-search,review
.td-sidemodal-sub,1,sidemodal-sub,review
.td-sidemodal-title,1,sidemodal-title,review
.td-sidepage,2,sidepage,review
.td-sig,1,sig,review
.td-sig-actions,1,sig-actions,review
.td-sig-btn,2,sig-btn,review
.td-sig-pad,2,sig-pad,review
.td-site-nav,1,site-nav,review
.td-site-nav-link,4,site-nav,review
.td-site-nav-logo,9,site-nav,review
.td-site-nav-search,3,site-nav,review
.td-site-nav-spacer,1,site-nav,review
.td-skel,1,skel,review
.td-skel-line,1,skel-line,review
.td-skel-line--avatar,1,skel-line,review
.td-skel-line--w50,1,skel-line,review
.td-skel-line--w70,1,skel-line,review
.td-skel-line--w90,1,skel-line,review
.td-skeleton,1,skeleton,review
.td-skeleton-circle,1,skeleton-circle,review
.td-sortable,1,sortable,review
.td-sortable-handle,2,sortable-handle,review
.td-sortable-item,4,sortable-item,review
.td-sortable-name,1,sortable-name,review
.td-sortable-num,1,sortable-num,review
.td-sortable-tag,1,sortable-tag,review
.td-spark,11,spark,review
.td-spark-delta,3,spark-delta,review
.td-spark-name,1,spark-name,review
.td-spark-row,2,spark-row,review
.td-spark-svg,1,spark-svg,review
.td-spark-val,1,spark-val,review
.td-spec-static,1,spec-static,review
.td-spinner,1,spinner,review
.td-split,2,split,review
.td-splitbtn,8,splitbtn,review
.td-splitbtn-caret,3,splitbtn-caret,review
.td-splitbtn-main,4,splitbtn-main,review
.td-splitbtn-menu,5,splitbtn-menu,review
.td-spotlight,3,spotlight,review
.td-spotlight-backdrop,6,spotlight-backdrop,review
.td-spotlight-footer,1,spotlight-footer,review
.td-spotlight-footer-kbd,2,spotlight-footer,review
.td-spotlight-group-label,1,spotlight-group,review
.td-spotlight-icon,1,spotlight-icon,review
.td-spotlight-input,2,spotlight-input,review
.td-spotlight-input-wrap,1,spotlight-input,review
.td-spotlight-kbd,1,spotlight-kbd,review
.td-spotlight-results,1,spotlight-results,review
.td-spotlight-row,4,spotlight-row,review
.td-spotlight-row-body,1,spotlight-row,review
.td-spotlight-row-icon,2,spotlight-row,review
.td-spotlight-row-kbd,1,spotlight-row,review
.td-spotlight-row-sub,1,spotlight-row,review
.td-spotlight-row-title,1,spotlight-row,review
.td-sr-only,1,sr-only,review
.td-stack,1,stack,review
.td-stack-loose,1,stack-loose,review
.td-stack-md,1,stack-md,review
.td-stack-prose,1,stack-prose,review
.td-stack-sm,1,stack-sm,review
.td-stack-tight,1,stack-tight,review
.td-star,5,star,review
.td-stars,2,stars,review
.td-stars-row,1,stars-row,review
.td-stars-value,1,stars-value,review
.td-stat,1,stat,review
.td-stat-delta,1,stat-delta,review
.td-stat-lbl,1,stat-lbl,review
.td-stat-num,2,stat-num,review
.td-statcmp,1,statcmp,review
.td-statcmp-bar,1,statcmp-bar,review
.td-statcmp-fill,1,statcmp-fill,review
.td-statcmp-fill--accent,1,statcmp-fill,review
.td-statcmp-fill--brand,1,statcmp-fill,review
.td-statcmp-lbl,1,statcmp-lbl,review
.td-statcmp-row,1,statcmp-row,review
.td-statcmp-rows,1,statcmp-rows,review
.td-statcmp-title,1,statcmp-title,review
.td-statcmp-val,1,statcmp-val,review
.td-status,3,status,review
.td-status-dot,1,status-dot,review
.td-status-dot--brand,1,status-dot,review
.td-step,5,step,review
.td-step-dot,3,step-dot,review
.td-step-line,2,step-line,review
.td-stepper,1,stepper,review
.td-stepper-inline,1,stepper-inline,review
.td-stepper-inline-item,5,stepper-inline,review
.td-stepper-inline-num,3,stepper-inline,review
.td-stepper-inline-sep,1,stepper-inline,review
.td-sticky-toolbar,1,sticky-toolbar,review
.td-subnav,1,subnav,review
.td-subnav-group,1,subnav-group,review
.td-subnav-item,6,subnav-item,review
.td-supplier,1,supplier,review
.td-supplier-avatar,1,supplier-avatar,review
.td-supplier-cat,1,supplier-cat,review
.td-supplier-info,1,supplier-info,review
.td-supplier-meta,1,supplier-meta,review
.td-supplier-name,1,supplier-name,review
.td-supplier-rating,1,supplier-rating,review
.td-supplier-status,1,supplier-status,review
.td-supplier-status--active,1,supplier-status,review
.td-supplier-status--paused,1,supplier-status,review
.td-supplier-status--pending,1,supplier-status,review
.td-swatch,1,swatch,review
.td-swatch-chip,1,swatch-chip,review
.td-swatch-hex,1,swatch-hex,review
.td-swatch-name,1,swatch-name,review
.td-swipe,1,swipe,review
.td-swipe-action,2,swipe-action,review
.td-swipe-action--archive,1,swipe-action,review
.td-swipe-action--delete,1,swipe-action,review
.td-swipe-action--snooze,1,swipe-action,review
.td-swipe-actions,1,swipe-actions,review
.td-swipe-avatar,1,swipe-avatar,review
.td-swipe-body,1,swipe-body,review
.td-swipe-dragging,1,swipe-dragging,review
.td-swipe-handle,1,swipe-handle,review
.td-swipe-row,2,swipe-row,review
.td-swipe-sub,1,swipe-sub,review
.td-swipe-time,1,swipe-time,review
.td-swipe-title,1,swipe-title,review
.td-switch,7,switch,review
.td-switch-thumb,3,switch-thumb,review
.td-switch-track,6,switch-track,review
.td-tab,4,tab,review
.td-table,8,table,review
.td-table-actions,1,table-actions,review
.td-table-sub,1,table-sub,review
.td-table-wrap,2,table-wrap,review
.td-tablist,2,tablist,review
.td-tabpanel,4,tabpanel,review
.td-tabs,1,tabs,review
.td-taginput,2,taginput,review
.td-taginput-input,2,taginput-input,review
.td-taginput-tag,1,taginput-tag,review
.td-taginput-x,2,taginput-x,review
.td-task,4,task,review
.td-task-body,2,task-body,review
.td-task-check,3,task-check,review
.td-task-due,1,task-due,review
.td-task-prio,1,task-prio,review
.td-task-prio--p1,1,task-prio,review
.td-task-prio--p2,1,task-prio,review
.td-task-prio--p3,1,task-prio,review
.td-task-title,1,task-title,review
.td-team,1,team,review
.td-team-avatar,1,team-avatar,review
.td-team-bio,1,team-bio,review
.td-team-name,1,team-name,review
.td-team-role,1,team-role,review
.td-team-social,3,team-social,review
.td-term,2,term,review
.td-term-cursor,1,term-cursor,review
.td-term-dot,1,term-dot,review
.td-term-dot--g,1,term-dot,review
.td-term-dot--r,1,term-dot,review
.td-term-dot--y,1,term-dot,review
.td-term-head,1,term-head,review
.td-term-line,1,term-line,review
.td-term-line--dim,1,term-line,review
.td-term-line--err,1,term-line,review
.td-term-line--info,1,term-line,review
.td-term-line--ok,1,term-line,review
.td-term-line--prompt,1,term-line,review
.td-term-title,1,term-title,review
.td-testi,2,testi,review
.td-testi-avatar,1,testi-avatar,review
.td-testi-meta,1,testi-meta,review
.td-testi-name,1,testi-name,review
.td-testi-quote,1,testi-quote,review
.td-testi-role,1,testi-role,review
.td-textarea,2,textarea,review
.td-textarea-wrap,4,textarea-wrap,review
.td-theme-icon,1,theme-icon,review
.td-ticker,1,ticker,review
.td-ticker-dot,1,ticker-dot,review
.td-ticker-row,1,ticker-row,review
.td-ticker-text,2,ticker-text,review
.td-ticker-time,1,ticker-time,review
.td-tilt,2,tilt,review
.td-tilt-card,3,tilt-card,review
.td-tilt-eyebrow,1,tilt-eyebrow,review
.td-tilt-meta,1,tilt-meta,review
.td-tilt-title,1,tilt-title,review
.td-timeline,1,timeline,review
.td-timeline-body,1,timeline-body,review
.td-timeline-dot,3,timeline-dot,review
.td-timeline-item,5,timeline-item,review
.td-timeline-meta,1,timeline-meta,review
.td-timeline-time,1,timeline-time,review
.td-timeline-title,1,timeline-title,review
.td-tip,1,tip,review
.td-tip-opt,2,tip-opt,review
.td-tip-opts,1,tip-opts,review
.td-tip-title,1,tip-title,review
.td-toast,5,toast,review
.td-toast--error,1,toast-,review
.td-toast--info,1,toast-,review
.td-toast--success,1,toast-,review
.td-toast-close,2,toast-close,review
.td-toast-dot,4,toast-dot,review
.td-toc,1,toc,review
.td-toc-item,4,toc-item,review
.td-toc-item--sub,1,toc-item,review
.td-toc-label,1,toc-label,review
.td-token-grid,1,token-grid,review
.td-token-swatch,1,token-swatch,review
.td-token-swatch-color,1,token-swatch,review
.td-token-swatch-meta,1,token-swatch,review
.td-token-swatch-name,1,token-swatch,review
.td-token-swatch-val,1,token-swatch,review
.td-tooltip,4,tooltip,review
.td-tooltip-wrap,4,tooltip-wrap,review
.td-topbar,2,topbar,yes
.td-topbar-avatar,1,topbar-avatar,yes
.td-topbar-icon,4,topbar-icon,yes
.td-topbar-logo,2,topbar-logo,yes
.td-topbar-logo-mark,1,topbar-logo,yes
.td-topbar-logo-text,1,topbar-logo,yes
.td-topbar-right,1,topbar-right,yes
.td-topbar-tab,13,topbar-tab,yes
.td-topbar-tabs,2,topbar-tabs,yes
.td-tree,1,tree,review
.td-tree-chevron,2,tree-chevron,review
.td-tree-children,2,tree-children,review
.td-tree-icon,3,tree-icon,review
.td-tree-meta,1,tree-meta,review
.td-tree-name,1,tree-name,review
.td-tree-row,11,tree-row,review
.td-treemap,1,treemap,review
.td-treemap-cell,3,treemap-cell,review
.td-treemap-col,1,treemap-col,review
.td-type-sample,1,type-sample,review
.td-type-sample-label,1,type-sample,review
.td-typewriter,1,typewriter,review
.td-typewriter-caret,1,typewriter-caret,review
.td-typewriter-text,1,typewriter-text,review
.td-undobar,1,undobar,review
.td-undobar-timer,1,undobar-timer,review
.td-undobar-undo,3,undobar-undo,review
.td-uptime,1,uptime,review
.td-uptime-bar,3,uptime-bar,review
.td-uptime-bars,1,uptime-bars,review
.td-uptime-name,1,uptime-name,review
.td-uptime-pct,1,uptime-pct,review
.td-uptime-row,2,uptime-row,review
.td-vid,1,vid,review
.td-vid-bar,1,vid-bar,review
.td-vid-bar-fill,1,vid-bar,review
.td-vid-bar-thumb,1,vid-bar,review
.td-vid-controls,1,vid-controls,review
.td-vid-play,2,vid-play,review
.td-vid-screen,2,vid-screen,review
.td-viewtoggle,1,viewtoggle,review
.td-viewtoggle-btn,5,viewtoggle-btn,review
.td-vtablist,1,vtablist,review
.td-waveform,1,waveform,review
.td-waveform-bar,3,waveform-bar,review
.td-webhook,1,webhook,review
.td-webhook-line,3,webhook-line,review
.td-webhook-method,1,webhook-method,review
.td-webhook-method--del,1,webhook-method,review
.td-webhook-method--get,1,webhook-method,review
.td-webhook-method--post,1,webhook-method,review
.td-webhook-method--put,1,webhook-method,review
.td-webhook-status,1,webhook-status,review
.td-webhook-status--err,1,webhook-status,review
.td-webhook-status--ok,1,webhook-status,review
.td-webhook-url,1,webhook-url,review
.td-well,2,well,review
.td-widget,7,widget,review
.td-widget-body,1,widget-body,review
.td-widget-eyebrow,1,widget-eyebrow,review
.td-widget-figure,1,widget-figure,review
.td-widget-figure-unit,1,widget-figure,review
.td-widget-foot,1,widget-foot,review
.td-widget-head,1,widget-head,review
.td-widget-sub,1,widget-sub,review
.td-widget-title,1,widget-title,review
